,english word,e_score,turkish word,score
0,0-8,0.1,0-8,0.1
1,0_o,-0.3,0_o,-0.3
2,10q,2.1,10q,2.1
3,1337,2.1,1337,2.1
4,143,3.2,143,3.2
5,1432,2.6,1432,2.6
6,14aa41,2.4,14aa41,2.4
7,182,-2.9,182,-2.9
8,187,-3.1,187,-3.1
9,2g2b4g,2.8,2g2b4g,2.8
10,2g2bt,-0.1,Cevap,-0.1
11,2qt,2.1,2т,2.1
12,4col,-2.2,4COL,-2.2
13,4q,-3.1,4q,-3.1
14,5fs,1.5,5fs,1.5
15,8-d,1.7,8-D,1.7
16,8-o,-0.3,8-o,-0.3
17,86,-1.6,86,-1.6
18,8d,2.9,8d,2.9
19,<3,1.9,<3,1.9
20,=-3,2.0,=-3,2.0
21,=-d,2.4,= -d,2.4
22,=-D,2.4,= -D,2.4
23,=3,2.1,=3,2.1
24,=d,2.3,d =,1.5
25,=D,2.3,= D,2.3
26,=l,-1.2,= l,-1.2
27,=p,1.3,p =,1.3
28,>.<,-1.3,>.<,-1.3
29,>_>^,2.1,>_>^,2.1
30,aas,2.5,aas,2.5
31,aayf,2.7,Canlı,2.7
32,afu,-2.9,Afu,-2.9
33,alol,2.8,alol,2.8
34,ambw,2.9,ambw,2.9
35,aml,3.4,sıklıkla,3.4
36,atab,-1.9,sekme,-1.9
37,awol,-1.3,asker kaçağı,-1.3
38,ayc,0.2,Bir,0.2
39,ayor,-1.2,aYOR,-1.2
40,aug-00,0.3,Ağustos-00,0.3
41,bfd,-2.7,bfd,-2.7
42,bfe,-2.6,BFE,-2.6
43,bff,2.9,bff,2.9
44,bffn,1.0,bffn,1.0
45,bl,2.3,bl,2.3
46,bsod,-2.2,BSOD,-2.2
47,btd,-2.1,btd,-2.1
48,btdt,-0.1,btdt,-0.1
49,bz,0.4,bz,0.4
50,b^d,2.6,b ^ d,2.6
51,cwot,-2.3,quot,-2.3
52,d8,-3.2,E 8,-3.2
53,d=,1.5,namaz,-2.3
54,doa,-2.3,dx,-3.0
55,dx,-3.0,bu,1.5
56,ez,1.5,fav,2.0
57,fav,2.0,fcol,-1.8
58,fcol,-1.8,ff,1.8
59,ff,1.8,ffs,-2.8
60,ffs,-2.8,FKM,-2.4
61,fkm,-2.4,foaf,1.8
62,foaf,1.8,ftw,2.0
63,ftw,2.0,mengene,-3.7
64,fu,-3.7,fubar,-3.0
65,fubar,-3.0,fwb,2.5
66,fwb,2.5,Bilginize,0.8
67,fyi,0.8,vize,0.4
68,fysa,0.4,g1,1.4
69,g1,1.4,İyi oyun,1.2
70,gg,1.2,Hayır,1.7
71,gga,1.7,gigo,-0.6
72,gigo,-0.6,Yapmak,2.0
73,gj,2.0,gI,1.3
74,gl,1.3,GLA,2.5
75,gla,2.5,gn,1.2
76,gn,1.2,harika,2.7
77,gr8,2.7,grrr,-0.4
78,grrr,-0.4,GT,1.1
79,gt,1.1,h & k,2.3
80,h&k,2.3,hagd,2.2
81,hagd,2.2,Hagn,2.2
82,hagn,2.2,yaparım,1.2
83,hago,1.2,hak,1.9
84,hak,1.9,el,2.2
85,hand,2.2,kalp,3.2
86,heart,3.2,kalpler,3.3
87,hearts,3.3,hhoj,2.0
88,hhoj,2.0,sağ,0.9
89,hhok,0.9,hugz,2.0
90,hugz,2.0,sakatlık,1.9
91,hi5,1.9,Bilmiyorum,-0.4
92,idk,-0.4,buz,0.7
93,ijs,0.7,güzellik,1.9
94,ilu,3.4,Iluappi,2.7
95,iluaaf,2.7,Böylece,3.4
96,ily,3.4,Alia,2.6
97,ily2,2.6,virüs,0.7
98,iou,0.7,iyq,2.3
99,iyq,2.3,C 4 f,1.4
100,j4f,1.4,ј4г,1.7
101,j4g,1.7,jho,0.8
102,jho,0.8,Geyik yavrusu,1.0
103,jhomf,1.0,jj,1.0
104,jj,1.0,jk,0.9
105,jk,0.9,jp,0.8
106,jp,0.8,et al,0.9
107,jt,0.9,jw,1.6
108,jw,1.6,yealz,-1.2
109,jealz,-1.2,k4y,2.3
110,k4y,2.3,kfy,2.3
111,kfy,2.3,o,-3.2
112,kia,-3.2,kK,1.5
113,kk,1.5,kmuf,2.2
114,kmuf,2.2,l,2.0
115,l,2.0,L & R,2.2
116,l&r,2.2,laoj,1.3
117,laoj,1.3,lmao,2.9
118,lmao,2.9,lmbao,1.8
119,lmbao,1.8,lmfao,2.5
120,lmfao,2.5,lmso,2.7
121,lmso,2.7,lol,1.8
122,lol,1.8,lolz,2.7
123,lolz,2.7,lt,1.6
124,lts,1.6,bardak,2.6
125,ly,2.6,ly4e,2.7
126,ly4e,2.7,Leah,3.3
127,lya,3.3,LYB,3.0
128,lyb,3.0,lil,3.1
129,lyl,3.1,lylab,2.7
130,lylab,2.7,lylas,2.6
131,lylas,2.6,lylb,1.6
132,lylb,1.6,m8,1.4
133,m8,1.4,benim,-1.2
134,mia,-1.2,mml,2.0
135,mml,2.0,kalıp,-2.4
136,mofo,-2.4,muah,2.3
137,muah,2.3,ayrıldık,-1.0
138,mubar,-1.0,MUSM,0.9
139,musm,0.9,mwah,2.5
140,mwah,2.5,n1,1.9
141,n1,1.9,nbd,1.3
142,nbd,1.3,nbif,-0.5
143,nbif,-0.5,nfc,-2.7
144,nfc,-2.7,NFW,-2.4
145,nfw,-2.4,nh,2.2
146,nh,2.2,NIMBY,-0.8
147,nimby,-0.8,nimjd,-0.7
148,nimjd,-0.7,nimq,-0.2
149,nimq,-0.2,Nimy,-1.4
150,nimy,-1.4,nitropyridine,-1.5
151,nitl,-1.5,nme,-2.1
152,nme,-2.1,noyb,-0.7
153,noyb,-0.7,"Örneğin,",1.4
154,np,1.4,ntmu,1.4
155,ntmu,1.4,O-8,-0.5
156,o-8,-0.5,ο.ο,-0.8
157,o.o,-0.8,Ο.ο,-0.6
158,O.o,-0.6,ο.Ο,-0.6
159,o.O,-0.6,tamam,2.0
160,ok,1.2,ο_ο,-0.5
161,o_o,-0.5,Ο_ο,-0.5
162,O_o,-0.5,ο_Ο,-0.5
163,o_O,-0.5,turta,-2.4
164,pita,-2.4,lütfen,0.3
165,pls,0.3,plz,0.3
166,plz,0.3,pmbi,0.8
167,pmbi,0.8,pmfji,0.3
168,pmfji,0.3,pmji,0.7
169,pmji,0.7,tarafından,-2.6
170,po,-2.6,ptl,2.6
171,ptl,2.6,abilir,-1.1
172,pu,-1.1,qq,-2.2
173,qq,-2.2,qt,1.8
174,qt,1.8,R & R,2.4
175,r&r,2.4,ROFL,2.7
176,rofl,2.7,roflmao,2.5
177,roflmao,2.5,rotfl,2.6
178,rotfl,2.6,gyy,2.8
179,rotflmao,2.8,rotflmfao,2.5
180,rotflmfao,2.5,rotflol,3.0
181,rotflol,3.0,rotgl,2.9
182,rotgl,2.9,rotglmao,1.8
183,rotglmao,1.8,sapfu,-1.1
184,sapfu,-1.1,Yedi,2.8
185,sete,2.8,Sfetea,2.7
186,sfete,2.7,Sgtm,2.4
187,sgtm,2.4,tokat,0.6
188,slap,0.6,lahana salatası,2.1
189,slaw,2.1,brisbanetimes,-1.3
190,smh,-1.3,darmadağınıklık,-2.5
191,snafu,-2.5,altında,-1.0
192,sob,-1.0,güçsüz,2.3
193,swak,2.3,tgif,2.3
194,tgif,2.3,thks,1.4
195,thks,1.4,Teşekkürler,1.5
196,thx,1.5,ışın,2.3
197,tia,2.3,TMI,-0.3
198,tmi,-0.3,tnx,1.1
199,tnx,1.1,doğru,1.8
200,true,1.8,tx,1.5
201,tx,1.5,txs,1.1
202,txs,1.1,ty,1.6
203,ty,1.6,TYVM,2.5
204,tyvm,2.5,URW,1.9
205,urw,1.9,vbg,2.1
206,vbg,2.1,vbs,3.1
207,vbs,3.1,vip,2.3
208,vip,2.3,vwd,2.6
209,vwd,2.6,VWP,2.1
210,vwp,2.1,sallamak,-0.2
211,wag,-0.2,wd,2.7
212,wd,2.7,wilco,0.9
213,wilco,0.9,wp,1.0
214,wp,1.0,o ne lan,-2.8
215,wtf,-2.8,WTG,2.1
216,wtg,2.1,wth,-2.4
217,wth,-2.4,X-d,2.6
218,x-d,2.6,X-p,1.7
219,x-p,1.7,xd,2.8
220,xd,2.8,xlnt,3.0
221,xlnt,3.0,xoxo,3.0
222,xoxo,3.0,xoxozzz,2.3
223,xoxozzz,2.3,xp,1.6
224,xp,1.6,xqzt,1.6
225,xqzt,1.6,coşku,0.8
226,xtc,0.8,Yolo,1.1
227,yolo,1.1,yo-yo,0.4
228,yoyo,0.4,yvw,1.6
229,yvw,1.6,dır-dir,1.8
230,yw,1.8,ywia,2.5
231,ywia,2.5,zzz,-1.2
232,zzz,-1.2,^<_<,1.4
233,^<_<,1.4,^ ayı,-2.8
234,^urs,-2.8,terk etmek,-1.9
235,abandon,-1.9,terkedilmiş,-2.0
236,abandoned,-2.0,terk edenler,-1.9
237,abandoner,-1.9,terk,-1.6
238,abandoners,-1.9,vazgeçme,-2.4
239,abandoning,-1.6,vazgeçmeler,-1.7
240,abandonment,-2.4,terkeder,-1.3
241,abandonments,-1.7,kaçırılan,-2.3
242,abandons,-1.3,kaçırma,-2.8
243,abducted,-2.3,kaçırmalar,-2.0
244,abduction,-2.8,iğrenmek,-2.0
245,abductions,-2.0,nefret ettiğini,-2.4
246,abhor,-2.0,iğrenç,-3.1
247,abhorred,-2.4,tiksinen,-2.9
248,abhorrent,-3.1,yetenekleri,1.0
249,abhors,-2.9,kabiliyet,1.3
250,abilities,1.0,gemiye,0.1
251,ability,1.3,gelmeyen kimse,-1.1
252,aboard,0.1,Gelmeyenler,-0.8
253,absentee,-1.1,aklamak,1.2
254,absentees,-0.8,absolved,1.5
255,absolve,1.2,absolves,1.3
256,absolved,1.5,absolving,1.6
257,absolves,1.3,taciz,-3.2
258,absolving,1.6,istismar,-2.3
259,abuse,-3.2,Suiistimal,-2.6
260,abused,-2.3,kötüye kullanmak,-2.6
261,abuser,-2.6,suistimaller,-2.6
262,abusers,-2.6,kötüye,-2.0
263,abuses,-2.6,küfürbaz,-3.2
264,abusing,-2.0,Ağzı bozuk bir şekilde,-2.8
265,abusive,-3.2,abusiveness,-2.5
266,abusively,-2.8,abusivenesses,-3.0
267,abusiveness,-2.5,kabul etmek,1.6
268,abusivenesses,-3.0,acceptabilities,1.6
269,accept,1.6,kabul edilebilirlik,1.1
270,acceptabilities,1.6,kabul edilebilir,1.5
271,acceptability,1.1,acceptableness,1.3
272,acceptable,1.3,kabul,1.4
273,acceptableness,1.3,kabuller,0.9
274,acceptably,1.5,kabul edilmiş,0.4
275,acceptance,2.0,kabul eder,0.8
276,acceptances,1.7,kaza,-1.7
277,acceptant,1.6,tesadüfi,-0.3
278,acceptation,1.3,kazara,-1.4
279,acceptations,0.9,kazalar,-1.3
280,accepted,1.1,başarmak,1.8
281,accepting,1.6,başarılı,1.9
282,accepts,1.3,yapar,1.7
283,accident,-2.1,suçlama,-2.2
284,accidental,-0.3,suçlamalar,-1.3
285,accidentally,-1.4,suçlamak,-2.5
286,accidents,-1.3,sanık,-1.2
287,accomplish,1.8,suçluyor,-1.7
288,accomplished,1.9,itham,-0.7
289,accomplishes,1.7,ağrı,-1.6
290,accusation,-1.0,ağrıyordu,-1.6
291,accusations,-1.3,ağrıları,-1.0
292,accuse,-0.8,başarılabilir,1.3
293,accused,-1.2,ağrıyan,-2.2
294,accuses,-1.4,Edinilen,0.8
295,accusing,-0.7,Müktesebatının,0.1
296,ache,-1.6,Beraat,1.0
297,ached,-1.6,aklayan,1.3
298,aches,-1.0,hırçın,-1.7
299,achievable,1.3,aktif,1.1
300,aching,-2.2,aktiflik,0.6
301,acquit,0.8,activenesses,0.8
302,acquits,0.1,yeterli,0.9
303,acquitted,1.0,admirability,2.4
304,acquitting,1.3,takdire değer,2.6
305,acrimonious,-1.7,admirableness,2.2
306,active,1.7,takdire şayan,2.5
307,actively,1.3,amiral,1.3
308,activeness,0.6,amiraller,1.2
309,activenesses,0.8,admiralties,1.6
310,actives,1.1,hayranlık,2.5
311,adequate,0.9,beğeni,1.6
312,admirability,2.4,beğenmek,1.8
313,admirable,2.6,hayran,1.6
314,admirableness,2.2,hayranları,1.7
315,admirably,2.5,hayranlık duyulacaksa,1.5
316,admiral,1.3,hayranlıkla,2.3
317,admirals,1.5,Kabul et,0.8
318,admiralties,1.6,itiraf,1.2
319,admiralty,1.2,öğütlenen,-1.9
320,admiration,2.5,evlat edinmek,0.7
321,admirations,1.6,üçüncü bir aday olarak,0.7
322,admire,2.1,adorability,2.2
323,admired,2.3,tapılası,2.2
324,admirer,1.8,adorableness,2.5
325,admirers,1.7,adorably,2.1
326,admires,1.5,tapınma,2.9
327,admiring,1.6,tapınmalarına,2.2
328,admiringly,2.3,hayranlık duymak,2.6
329,admit,0.8,adored,1.8
330,admits,1.2,Aşk,3.0
331,admitted,0.4,adorers,2.1
332,admonished,-1.9,tapıyor,1.6
333,adopt,0.7,tapan,2.6
334,adopts,0.7,adoringly,2.4
335,adorability,2.2,süslüyor,0.9
336,adorable,2.2,süslü,0.8
337,adorableness,2.5,adorner,1.3
338,adorably,2.1,adorners,0.9
339,adoration,2.9,donatılmasını,1.0
340,adorations,2.2,süsleme,1.3
341,adore,2.6,süslemeler,0.8
342,adored,1.8,süsler,0.5
343,adorer,1.7,ileri,1.0
344,adorers,2.1,avantaj,1.4
345,adores,1.6,avantajlı,1.9
346,adoring,2.6,advantageousness,1.6
347,adoringly,2.4,avantajları,1.5
348,adorn,0.9,advantaging,1.6
349,adorned,0.8,macera,1.3
350,adorner,1.3,adventured,1.3
351,adorners,0.9,serüvenci,1.2
352,adorning,1.0,maceraperestler,0.9
353,adornment,1.3,maceralar,1.4
354,adornments,0.8,atılgan,1.7
355,adorns,0.5,adventuresomeness,1.3
356,advanced,1.0,dolandırıcı kadın,0.8
357,advantage,1.0,adventuresses,1.4
358,advantaged,1.4,Serüven,2.3
359,advantageous,1.5,serüvencilik,1.5
360,advantageously,1.9,maceracı,1.4
361,advantageousness,1.6,maceracılığının,1.7
362,advantages,1.5,maceracıları,1.2
363,advantaging,1.6,maceraperest,1.4
364,adventure,1.3,cesaretle,1.3
365,adventured,1.3,maceracılık,1.8
366,adventurer,1.2,hasım,-0.8
367,adventurers,0.9,düşmanlar,-1.0
368,adventures,1.4,karşıt fikir belirten,-1.2
369,adventuresome,1.7,adversatively,-0.1
370,adventuresomeness,1.3,adversatives,-1.0
371,adventuress,0.8,ters,-1.5
372,adventuresses,1.4,olumsuz olarak,-0.8
373,adventuring,2.3,adverseness,-0.6
374,adventurism,1.5,olumsuzluklar,-1.5
375,adventurist,1.4,sıkıntı,-1.3
376,adventuristic,1.7,etkilenmiş,-0.6
377,adventurists,1.2,sevgi,1.5
378,adventurous,1.4,Sevgiye,1.9
379,adventurously,1.3,affectionally,1.5
380,adventurousness,1.8,sevecen,1.9
381,adversarial,-1.5,sevgilerle,2.2
382,adversaries,-1.0,affectioned,1.8
383,adversary,-0.8,affectionless,-2.0
384,adversative,-1.2,etkilenen,-1.5
385,adversatively,-0.1,affronted,0.2
386,adversatives,-1.0,ağırlaştırmak,-2.5
387,adverse,-1.5,ağırlaştırılmış,-1.9
388,adversely,-0.8,ağırlaştırmaktadır,-1.9
389,adverseness,-0.6,ağırlaştırıcı,-1.2
390,adversities,-1.5,saldırmak,-1.3
391,adversity,-1.8,aggressed,-1.4
392,affected,-0.6,aggresses,-0.5
393,affection,2.4,saldirida,-0.6
394,affectional,1.9,saldırganlık,-0.6
395,affectionally,1.5,saldırganlığın olması,-1.3
396,affectionate,1.9,agresif,-1.3
397,affectionately,2.2,aggressivities,-1.4
398,affectioned,1.8,saldırgan,-2.7
399,affectionless,-2.0,saldırganlar,-2.7
400,affections,1.5,donakalmış,-1.9
401,afflicted,-1.5,çalkalayarak,-1.7
402,affronted,0.2,tedirgin,-0.1
403,aggravate,-2.5,tedirgin bir şekilde,-1.6
404,aggravated,-1.9,ajite,-1.3
405,aggravates,-1.9,karıştırmasız,-1.8
406,aggravating,-1.2,çalkalama,-1.0
407,aggress,-1.3,ajitasyonal,-1.2
408,aggressed,-1.4,ajitasyonları,-1.3
409,aggresses,-0.5,karıştırıcı,-1.4
410,aggressing,-0.6,karıştırıcılar,-2.1
411,aggression,-1.2,can atan,1.9
412,aggressions,-1.3,agonize edilmesi,-2.3
413,aggressive,-0.6,acılı,-1.8
414,aggressively,-1.3,agonises,-2.4
415,aggressiveness,-1.8,acı veren,-2.7
416,aggressivities,-1.4,mücadele vermekte,-2.3
417,aggressivity,-0.6,agonizingly,-2.3
418,aggressor,-0.8,ızdırap,-2.9
419,aggressors,-0.9,Katılıyorum,1.5
420,aghast,-1.9,agreeability,1.9
421,agitate,-1.7,hoş,2.8
422,agitated,-2.0,uyumluluk,1.3
423,agitatedly,-1.6,tatlılıkla,1.6
424,agitates,-1.4,anlaşma,2.2
425,agitating,-1.8,anlaşmalar,1.1
426,agitation,-1.0,alarm,-1.1
427,agitational,-1.2,alarmlı,-1.4
428,agitations,-1.3,korkutucu,-2.6
429,agitative,-1.3,alarmism,-0.3
430,agitato,-0.1,alarmists,-1.1
431,agitator,-1.4,yazık,-1.1
432,agitators,-2.1,uyarmak,1.2
433,agog,1.9,yabancılaştırma,-1.1
434,agonise,-2.1,canlı,0.6
435,agonised,-2.3,alerjik,-1.2
436,agonises,-2.4,izin vermek,0.9
437,agonising,-1.5,tek başına,-1.0
438,agonize,-2.3,Peki,1.0
439,agonized,-2.2,Amaze,2.5
440,agonizes,-2.3,şaşırmış,2.2
441,agonizing,-2.7,şaşılacak biçimde,2.1
442,agonizingly,-2.3,şaşkınlık,-0.7
443,agony,-1.8,şok yaşıyor,2.2
444,agree,1.5,şaşırtıyor,2.2
445,agreeability,1.9,inanılmaz,2.8
446,agreeable,1.8,Amazon,0.7
447,agreeableness,1.8,Amazonit,0.2
448,agreeablenesses,1.3,amazonlar,-0.1
449,agreeably,1.6,Amazontaşı,1.0
450,agreed,1.1,amazonstones,0.2
451,agreeing,1.4,hırslı,1.2
452,agreement,2.2,kararsız,0.5
453,agreements,1.1,amoral,-1.6
454,agrees,0.8,amoralism,-0.7
455,alarm,-1.4,amoralisms,-0.7
456,alarmed,-1.4,amoralities,-1.2
457,alarming,-0.5,ahlaksızlıktır,-1.5
458,alarmingly,-2.6,amorally,-1.0
459,alarmism,-0.3,Amoretti,0.2
460,alarmists,-1.1,amoretto,0.6
461,alarms,-1.1,amorettos,0.3
462,alas,-1.1,Amorino,1.2
463,alert,1.2,çapkın,1.6
464,alienation,-1.1,amoristic,1.0
465,alive,1.6,amorists,0.1
466,allergic,-1.2,seven,2.3
467,allow,0.9,aşık,1.8
468,alone,-1.0,amorously,2.3
469,alright,1.0,aşıklık,2.0
470,amaze,2.5,amorf,-0.2
471,amazed,2.2,biçimsiz,0.1
472,amazedly,2.1,biçimsizliği,0.3
473,amazement,2.5,Amort,-2.1
474,amazements,2.2,itfa,0.5
475,amazes,2.2,itfa edilmiş,0.8
476,amazing,2.8,amorti,0.6
477,amazon,0.7,amortismana tabi,0.5
478,amazonite,0.2,amortisman,0.6
479,amazons,-0.1,amortizations,0.2
480,amazonstone,1.0,Amortize,-0.1
481,amazonstones,0.2,Amorti,0.8
482,ambitious,2.1,amusable,0.7
483,ambivalent,0.5,eğlenerek,1.8
484,amor,3.0,amusedly,2.2
485,amoral,-1.6,eğlence,1.7
486,amoralism,-0.7,eğlenceleri,1.5
487,amoralisms,-0.7,eğlendirmek,1.1
488,amoralities,-1.2,amusers,1.3
489,amorality,-1.5,amusia,0.3
490,amorally,-1.0,amusias,-0.4
491,amoretti,0.2,eğlenceli,1.6
492,amoretto,0.6,eğlendirici bir şekilde,0.8
493,amorettos,0.3,amusingness,1.8
494,amorino,1.2,Amusive,1.7
495,amorist,1.6,öfke,-2.7
496,amoristic,1.0,kızdırdı,-2.2
497,amorists,0.1,angerly,-1.9
498,amoroso,2.3,öfkeler,-2.3
499,amorous,1.8,sinirli,-3.1
500,amorously,2.3,öfkeyle,-1.8
501,amorousness,2.0,angriness,-1.7
502,amorphous,-0.2,kızgın,-1.6
503,amorphously,0.1,anguishes,-2.1
504,amorphousness,0.3,anguishing,-2.7
505,amort,-2.1,düşmanlık,-1.9
506,amortise,0.5,kızdırmak,-1.9
507,amortised,-0.2,can sıkma,-1.8
508,amortises,0.1,annoyer,-2.2
509,amortizable,0.5,annoyers,-1.5
510,amortization,0.6,Can sıkıcı,-1.3
511,amortizations,0.2,kızdıramaz,-1.8
512,amortize,-0.1,zıtlık,-1.9
513,amortized,0.8,antagonizmalarda,-1.2
514,amortizes,0.6,rakip,-1.9
515,amortizing,0.8,muhalif,-1.7
516,amusable,0.7,antagonist,-2.7
517,amuse,1.7,antagonistleri,-1.7
518,amused,1.8,kışkırtmak,-2.0
519,amusedly,2.2,antagonize,-0.5
520,amusement,1.5,anti,-1.3
521,amusements,1.5,Beklenti,0.4
522,amuser,1.1,kaygılar,-0.6
523,amusers,1.3,kaygı,-0.7
524,amuses,1.7,endişeli,-1.0
525,amusia,0.3,endişeyle,-0.9
526,amusias,-0.4,anxiousness,-1.0
527,amusing,1.6,ilgisiz,-1.2
528,amusingly,0.8,apathetically,-0.4
529,amusingness,1.8,apathies,-0.6
530,amusive,1.7,ilgisizlik,-1.2
531,anger,-2.7,apeshit,-0.9
532,angered,-2.3,kıyamet,-3.4
533,angering,-2.2,özür dilemek,0.4
534,angerly,-1.9,özür diledi,1.3
535,angers,-2.3,özür diledin,0.8
536,angrier,-2.3,özür dileme,-0.3
537,angriest,-3.1,özür diler,1.5
538,angrily,-1.8,özür,0.2
539,angriness,-1.7,yıldırmak,-2.4
540,angry,-2.3,dehşete,-2.0
541,anguish,-2.9,korkunç,-2.0
542,anguished,-1.8,dehşet verici,-2.0
543,anguishes,-2.1,Korkutur,-1.9
544,anguishing,-2.7,yatıştırmak,1.1
545,animosity,-1.9,bastırılmış,0.9
546,annoy,-1.9,appeases,0.9
547,annoyance,-1.3,appeasing,1.0
548,annoyances,-1.8,alkışlamak,2.0
549,annoyed,-1.6,alkışladı,2.3
550,annoyer,-2.2,alkışlıyor,1.4
551,annoyers,-1.5,alkış,1.8
552,annoying,-1.7,takdir etmek,1.7
553,annoys,-1.8,takdir,2.3
554,antagonism,-1.9,Kazanması,2.3
555,antagonisms,-1.2,takdir edilecek şekilde kıymet,1.9
556,antagonist,-1.9,appreciations,1.7
557,antagonistic,-1.7,minnettar,2.6
558,antagonistically,-2.2,appreciatively,1.8
559,antagonists,-1.7,appreciativeness,1.6
560,antagonize,-2.0,appreciator,2.6
561,antagonized,-1.4,uygulayıcılar,1.5
562,antagonizes,-0.5,değerini bilen,1.7
563,antagonizing,-2.7,anlaşılabilir,1.1
564,anti,-1.3,apprehensibly,-0.2
565,anticipation,0.4,endişe,-2.1
566,anxieties,-0.6,endişeler,-0.9
567,anxiety,-0.7,kaygılı bir şekilde,-0.3
568,anxious,-1.0,apprehensiveness,-0.7
569,anxiously,-0.9,onay,2.1
570,anxiousness,-1.0,onaylandı,1.8
571,aok,2.0,onaylar,1.7
572,apathetic,-1.2,ateşli,2.1
573,apathetically,-0.4,tartışılabilir,-1.0
574,apathies,-0.6,tartışılır biçimde,-1.0
575,apathy,-1.2,tartışmak,-1.6
576,apeshit,-0.9,savundu,-1.5
577,apocalyptic,-3.4,tartışabilen insanlar haline,-1.4
578,apologise,1.6,savunuyor,-1.6
579,apologised,0.4,Tartışan,-2.0
580,apologises,0.8,tartışma,-1.5
581,apologising,0.2,münakaşacı,-1.5
582,apologize,0.4,argumentatively,-1.8
583,apologized,1.3,argümanlar,-1.7
584,apologizes,1.5,tutuklamak,-1.4
585,apologizing,-0.3,tutuklandı,-2.1
586,apology,0.2,tutuklamalar,-1.9
587,appall,-2.4,kibir,-2.4
588,appalled,-2.0,arrogances,-1.9
589,appalling,-1.5,kibirli,-2.2
590,appallingly,-2.0,küstahça,-1.8
591,appalls,-1.9,utanmış,-2.1
592,appease,1.1,utana sıkıla,-1.7
593,appeased,0.9,eşek,-2.5
594,appeases,0.9,suikast,-2.9
595,appeasing,1.0,suikastlar,-2.7
596,applaud,2.0,saldırı,-2.1
597,applauded,1.5,saldırıya,-2.0
598,applauding,2.1,saldırıdan,-2.3
599,applauds,1.4,saldırılar,-1.9
600,applause,1.8,varlık,1.5
601,appreciate,1.7,varlıklar,0.7
602,appreciated,2.3,assfucking,-2.5
603,appreciates,2.3,götler,-2.8
604,appreciating,1.9,sigorta,1.4
605,appreciation,2.3,temin etmek,1.4
606,appreciations,1.7,emin,1.5
607,appreciative,2.6,kesinlikle,1.7
608,appreciatively,1.8,pişkinlik,1.4
609,appreciativeness,1.6,sağlamak,0.9
610,appreciator,2.6,assurers,1.1
611,appreciators,1.5,güvence veriyor,1.3
612,appreciatory,1.7,assurgent,1.3
613,apprehensible,1.1,güvence,1.6
614,apprehensibly,-0.2,sigortacı,0.5
615,apprehension,-2.1,sigorta şirketi,0.7
616,apprehensions,-0.9,hayret,1.6
617,apprehensively,-0.3,astound,1.7
618,apprehensiveness,-0.7,hayretler,1.8
619,approval,2.1,şaşırtıcı,2.1
620,approved,1.8,şaşkına,2.1
621,approves,1.7,ek dosya,1.2
622,ardent,2.1,ekleri,1.1
623,arguable,-1.0,saldırma,-2.0
624,arguably,-1.0,çekmek,1.5
625,argue,-1.4,attractancy,0.9
626,argued,-1.5,cezbedici,1.4
627,arguer,-1.6,çekti,1.8
628,arguers,-1.4,cazip,2.1
629,argues,-1.6,cazibe,2.0
630,arguing,-2.0,konumlar,1.8
631,argument,-1.5,çekici,1.3
632,argumentative,-1.5,çekicilik,1.7
633,argumentatively,-1.8,attractivenesses,2.1
634,argumentive,-1.5,cazibe merkezi,1.2
635,arguments,-1.7,çekiciler,1.2
636,arrest,-1.4,çeken,1.7
637,arrested,-2.1,cüretli,0.9
638,arrests,-1.9,yetki,0.3
639,arrogance,-2.4,hoşlanmama,-1.9
640,arrogances,-1.9,Tiksinme,-1.1
641,arrogant,-2.2,caydırıcı,-1.6
642,arrogantly,-1.8,aversively,-0.8
643,ashamed,-2.1,AVERT,-0.7
644,ashamedly,-1.7,önlendiği,-0.3
645,ass,-2.5,önlendi,-0.4
646,assassination,-2.9,önlemek,-1.2
647,assassinations,-2.7,kaçınma,-1.4
648,assault,-2.8,kaçınmalar,-1.1
649,assaulted,-2.4,kaçınılması,-1.4
650,assaulting,-2.3,avoider,-1.8
651,assaultive,-2.8,kaçınan,-1.4
652,assaults,-2.5,kaçınır,-0.7
653,asset,1.5,bekliyoruz,0.4
654,assets,0.7,beklenen,-0.1
655,assfucking,-2.5,bekliyor,0.3
656,assholes,-2.8,ödül,2.5
657,assurance,1.4,ödül veresimiz pek,2.4
658,assurances,1.4,layık görülmek,1.7
659,assure,1.4,awardee,1.8
660,assured,1.5,ödül alanlar,1.2
661,assuredly,1.6,ödül kazanan,0.9
662,assuredness,1.4,awarders,1.3
663,assurer,0.9,ödüllendirilmesi,1.9
664,assurers,1.1,ödülleri,2.0
665,assures,1.3,müthiş,3.1
666,assurgent,1.3,garip,-0.6
667,assuring,1.6,beceriksizce,-1.3
668,assuror,0.5,beceriksizlik,-0.7
669,assurors,0.7,eksen,-0.4
670,astonished,1.6,sarstım,-1.3
671,astound,1.7,destekli,0.1
672,astounded,1.8,arkalık,0.1
673,astounding,1.8,sırtları,-0.2
674,astoundingly,2.1,kötü,-2.1
675,astounds,2.1,sağlam,1.4
676,attachment,1.2,kefaletle kurtarmak,-0.4
677,attachments,1.1,şaşırtmak,-0.9
678,attack,-2.1,Bamboozled,-1.5
679,attacked,-2.0,Bamboozles,-1.5
680,attacker,-2.7,yarım,-2.6
681,attackers,-2.7,sürgün etmek,-1.9
682,attacking,-2.0,iflas etti,-2.6
683,attacks,-1.9,banka yıldızı,-2.1
684,attract,1.5,yasaklı,-2.0
685,attractancy,0.9,pazarlık etmek,0.8
686,attractant,1.3,bariyer,-0.5
687,attractants,1.4,çekingen,0.2
688,attracted,1.8,utangaçlık,-0.8
689,attracting,2.1,Piç,-2.5
690,attraction,2.0,Bastards,-1.8
691,attractions,1.8,Bastardse,-2.1
692,attractive,1.9,bastardised,-2.3
693,attractively,2.2,Bastardes,-2.3
694,attractiveness,1.8,Bastardossing,-2.6
695,attractivenesses,2.1,bastardization,-2.4
696,attractor,1.2,bastardizations,-2.1
697,attractors,1.2,Bastardje,-2.4
698,attracts,1.7,lekelenmiş,-2.0
699,audacious,0.9,bastardizes,-1.8
700,authority,0.3,Bastardizing,-2.3
701,aversion,-1.9,bastardly,-2.7
702,aversions,-1.1,piçler,-3.0
703,aversive,-1.6,piçlik,-2.7
704,aversively,-0.8,savaş,-1.4
705,avert,-0.7,mücadele,-1.2
706,averted,-0.3,savaş alanı,-1.7
707,averts,-0.4,battlefront,-1.2
708,avid,1.2,", cephe",-0.8
709,avoid,-1.2,savaş alanları,-0.6
710,avoidance,-1.7,mazgallı siper,-0.4
711,avoidances,-1.1,mazgallar,-0.4
712,avoided,-1.4,battler,-0.8
713,avoider,-1.8,battlers,-0.2
714,avoiders,-1.4,savaşlar,-1.6
715,avoiding,-1.4,savaş gemisi,-0.1
716,avoids,-0.7,savaş gemileri,-0.5
717,await,0.4,battlewagon,-0.3
718,awaited,-0.1,battlewagons,-0.5
719,awaits,0.3,battling,-1.1
720,award,2.5,dövülmüş,-1.8
721,awardable,2.4,kutsayan,1.8
722,awarded,1.7,dayak,-2.0
723,awardee,1.8,nadide şey,1.6
724,awardees,1.2,beauteous,2.5
725,awarder,0.9,beauteously,2.6
726,awarders,1.3,doğruluk,2.7
727,awarding,1.9,güzellik uzmanı,1.2
728,awards,2.0,güzellik uzmanları,0.4
729,awesome,3.1,güzellikler,2.4
730,awful,-2.0,güzelleştirme,1.9
731,awkward,-0.6,beautifications,2.4
732,awkwardly,-1.3,güzel yapılarından,2.1
733,awkwardness,-0.7,beautifier,1.7
734,axe,-0.4,beautifiers,1.7
735,axed,-1.3,güzelleştirir,1.8
736,backed,0.1,güzel,1.3
737,backing,0.1,beautifuler,2.1
738,backs,-0.2,en güzel,2.6
739,bad,-2.5,güzelce,2.7
740,badass,1.4,güzelleştirmek,2.3
741,badly,-2.1,güzelleştirici,2.3
742,bailout,-0.4,beauts,1.7
743,bamboozle,-1.5,küçümsemek,-1.9
744,bamboozled,-1.5,küçülttüğü,-2.0
745,bamboozles,-1.5,Sevilen,2.3
746,ban,-2.6,yararlı,1.9
747,banish,-1.9,maaşlı makam sahibi olan,1.1
748,bankrupt,-2.6,ihsan,2.8
749,bankster,-2.1,beneficences,1.5
750,banned,-2.0,hayırlı,2.3
751,bargain,0.8,ihsanla,2.2
752,barrier,-0.5,faydaları,1.6
753,bashful,-0.1,faydalı bir,2.4
754,bashfully,0.2,beneficialness,1.7
755,bashfulness,-0.8,yararlananlar,1.8
756,bastard,-2.5,hak sahibi,2.1
757,bastardies,-1.8,yarar,2.0
758,bastardise,-2.1,beneficiation,0.4
759,bastardised,-2.3,yararlandığı,1.7
760,bastardises,-2.3,Zamanaşımı,1.9
761,bastardising,-2.6,yardımseverlik,1.2
762,bastardization,-2.4,benevolences,1.9
763,bastardizations,-2.1,iyiliksever,2.7
764,bastardize,-2.4,benevolently,1.4
765,bastardized,-2.0,iyi huylu,1.3
766,bastardizes,-1.8,benign oluşu,0.6
767,bastardizing,-2.3,merhametli,1.7
768,bastardly,-2.7,benignantly,1.1
769,bastards,-3.0,benignities,0.9
770,bastardy,-2.7,sevecenlik,1.3
771,battle,-1.6,Benignly,0.2
772,battled,-1.2,yoksun bırakmak,-2.1
773,battlefield,-1.6,yakınını kaybetmiş,-2.1
774,battlefields,-0.9,yoksun bırakılan,-1.9
775,battlefront,-1.2,bereaving,-1.3
776,battlefronts,-0.8,en iyi,3.2
777,battleground,-1.7,açığa vurmak,-3.2
778,battlegrounds,-0.6,ihanet,-2.5
779,battlement,-0.4,İhanete uğramış,-3.0
780,battlements,-0.4,hain,-2.5
781,battler,-0.8,daha iyi,1.9
782,battlers,-0.2,önyargı,-0.4
783,battles,-1.6,önyargılı,-1.1
784,battleship,-0.1,orospu,-2.8
785,battleships,-0.5,bitched,-2.6
786,battlewagon,-0.3,bitcheries,-2.3
787,battlewagons,-0.5,kancıklığı,-2.7
788,battling,-1.1,orospular,-2.9
789,beaten,-1.8,Isırık r,-2.0
790,beatific,1.8,Bi t st,-3.0
791,beating,-2.0,Ly ısır,-2.6
792,beaut,1.6,bitchiness,-2.6
793,beauteous,2.5,bitching,-1.1
794,beauteously,2.6,şirret,-2.3
795,beauteousness,2.7,acı,-2.0
796,beautician,1.2,bitterbrush,-0.2
797,beauticians,0.4,bitterbrushes,-0.6
798,beauties,2.4,bittered,-1.8
799,beautification,1.9,en acı,-2.3
800,beautifications,2.4,acılık,-1.7
801,beautified,2.1,acımsı,-1.6
802,beautifier,1.7,balabankuşu,-0.2
803,beautifiers,1.7,bitterns,-0.4
804,beautifies,1.8,bitterroots,-0.2
805,beautiful,2.9,apsent,-0.4
806,beautifuler,2.1,acı tatlı,-0.3
807,beautifulest,2.6,bittersweetness,-0.6
808,beautifully,2.7,bittersweets,-0.2
809,beautifulness,2.6,bitterweeds,-0.5
810,beautify,2.3,tuhaf,-1.3
811,beautifying,2.3,vesaire,-0.4
812,beauts,1.7,blam,-0.2
813,beauty,2.8,utandırıcı,-1.8
814,belittle,-1.9,blamably,-1.8
815,belittled,-2.0,suçladı,-2.1
816,beloved,2.3,blameful,-1.7
817,benefic,1.4,blamefully,-1.6
818,benefice,0.4,suçsuz,0.7
819,beneficed,1.1,eksiksizce uyarlardı,0.9
820,beneficence,2.8,suçsuzluk,0.6
821,beneficences,1.5,Blamer,-2.1
822,beneficent,2.3,blazerler,-2.0
823,beneficently,2.2,blameworthiness,-1.6
824,benefices,1.1,kabahatli,-2.3
825,beneficial,1.9,kutsamak,1.8
826,beneficially,2.4,mübarek,2.9
827,beneficialness,1.7,blesseder,2.0
828,beneficiaries,1.8,blessedest,2.8
829,beneficiary,2.1,blessedly,1.7
830,beneficiate,1.0,kutluluk,1.6
831,beneficiation,0.4,canını yakmak,2.6
832,benefit,2.0,blessers,1.9
833,benefits,1.6,kutsar,2.6
834,benefitted,1.7,nimet,2.2
835,benefitting,1.9,nimetler,2.5
836,benevolence,1.7,kör,-1.7
837,benevolences,1.9,mutluluk,2.7
838,benevolent,2.7,keyifli,2.9
839,benevolently,1.4,şen,1.2
840,benevolentness,1.2,blok,-1.9
841,benign,1.3,uçak bombası,2.9
842,benignancy,0.6,bloke edilmiş,-1.1
843,benignant,2.2,engelleme,-1.6
844,benignantly,1.1,bloklar,-0.9
845,benignities,0.9,kanlı,-1.9
846,benignity,1.3,bulanık,-0.4
847,benignly,0.2,cesur,1.5
848,bereave,-2.1,kalın,0.3
849,bereaved,-2.1,koyu renkte,-0.1
850,bereaves,-1.9,boldfaces,0.1
851,bereaving,-1.3,boldfacing,0.1
852,best,3.2,cesurca,2.1
853,betray,-3.2,cesaret,2.2
854,betrayal,-2.8,boldnesses,0.9
855,betrayed,-3.0,bolds,1.3
856,betraying,-2.5,bomba,-2.2
857,betrays,-2.5,bonus,2.5
858,better,1.9,ikramiye,2.6
859,bias,-0.4,artırmak,1.7
860,biased,-1.1,artırdığını,1.5
861,bitch,-2.8,artırılması,1.4
862,bitched,-2.6,artırır,1.3
863,bitcheries,-2.3,delik,-1.0
864,bitchery,-2.7,kuzey,-0.3
865,bitches,-2.9,borecole,-0.2
866,bitchier,-2.0,borecoles,-0.3
867,bitchiest,-3.0,canı sıkkın,-1.1
868,bitchily,-2.6,Can sıkıntısı,-1.3
869,bitchiness,-2.6,boredoms,-1.1
870,bitching,-1.1,Boreen,0.1
871,bitchy,-2.3,boreens,0.2
872,bitter,-1.8,sondaj delikleri,-0.2
873,bitterbrush,-0.2,matkap,-0.4
874,bitterbrushes,-0.6,deliciler,-1.2
875,bittered,-1.8,delikler,-1.3
876,bitterer,-1.9,borescopes,-0.1
877,bitterest,-2.3,βορέσομε,-1.3
878,bittering,-1.2,sıkıcı,-1.3
879,bitterish,-1.6,zahmet,-1.4
880,bitterly,-2.0,tüh,-1.7
881,bittern,-0.2,botherations,-1.3
882,bitterness,-1.7,rahatsız,-1.6
883,bitterns,-0.4,rahatsız ediyor,-0.8
884,bitterroots,-0.2,boykot,-1.7
885,bitters,-0.4,boykotlar,-1.4
886,bittersweet,-0.3,beyin yıkama,-1.5
887,bittersweetness,-0.6,göğüs gererek,1.9
888,bittersweets,-0.2,yiğitçe,2.3
889,bitterweeds,-0.5,braveries,2.0
890,bizarre,-1.3,braves,1.9
891,blah,-0.4,En cesur,2.3
892,blam,-0.2,nefes kesen,2.0
893,blamable,-1.8,rüşvet,-0.8
894,blamably,-1.8,parlak,2.8
895,blame,-1.4,aydınlatmak,1.9
896,blamed,-2.1,aydınlandı,2.1
897,blameful,-1.7,parlatıcı,2.5
898,blamefully,-1.6,parlatıcılar,1.0
899,blameless,0.7,Parlaklığı,1.5
900,blamelessly,0.9,Daha parlak,1.6
901,blamelessness,0.6,parlaklık,2.6
902,blamer,-2.1,brightnesses,1.4
903,blamers,-2.0,brights,0.4
904,blames,-1.7,parlak bir renkle,1.1
905,blameworthiness,-1.6,brilliances,2.9
906,blameworthy,-2.3,brilliancies,2.3
907,blaming,-2.2,briyantin,0.8
908,bless,1.8,briyantinler,2.0
909,blessed,2.9,ışıl ışıl,3.0
910,blesseder,2.0,brilliants,1.9
911,blessedest,2.8,kırdı,-1.8
912,blessedly,1.7,kırık,-2.1
913,blessedness,1.6,düşünceli,0.1
914,blesser,2.6,acımasız,-2.6
915,blessers,1.9,vahşileştirmek,-2.9
916,blesses,2.6,brutalized,-2.4
917,blessing,2.2,zalim,-2.9
918,blessings,2.5,acımasızlıkların,-2.6
919,blind,-1.7,vahşilik,-3.0
920,bliss,2.7,acımasızlaştırılmasına,-2.1
921,blissful,2.9,brutalizations,-2.3
922,blithe,1.2,vahşileştirir,-3.2
923,block,-1.9,vahşice,-3.0
924,blockbuster,2.9,zorbalık,-2.9
925,blocked,-1.1,saçmalık,-2.8
926,blocking,-1.6,zorba,-2.2
927,blocks,-0.9,serseri,-1.6
928,bloody,-1.9,batmaz,0.9
929,blurry,-0.4,sorumluluk,-1.9
930,bold,1.6,yük,-1.7
931,bolder,1.2,burdener,-1.3
932,boldest,1.6,burdeners,-1.7
933,boldface,0.3,Zahmetli,-1.4
934,boldfaced,-0.1,yüklerin,-1.5
935,boldfaces,0.1,külfetli,-1.8
936,boldfacing,0.1,bwahaha,0.4
937,boldly,1.5,bwahahah,2.5
938,boldness,1.5,sakin,1.5
939,boldnesses,0.9,yatıştırıcı,-1.6
940,bolds,1.3,calmatives,0.5
941,bomb,-2.2,sakinleştirdi,1.6
942,bonus,2.5,en sakin,1.6
943,bonuses,2.6,sakince,1.3
944,boost,1.7,dinginlik,1.7
945,boosted,1.5,calmnesses,1.6
946,boosting,1.4,kalmodulin,0.2
947,boosts,1.3,sakinleştirir,1.3
948,bore,-1.0,dayanamıyorum,-2.0
949,boreal,-0.3,iptal etmek,-1.0
950,borecole,-0.2,iptal edildi,-1.0
951,borecoles,-0.3,iptal,-0.8
952,bored,-1.1,iptallerde,-0.9
953,boredom,-1.3,kanser,-3.4
954,boredoms,-1.1,yetenekli,1.6
955,boreen,0.1,Esir,1.6
956,boreens,0.2,hangi,2.2
957,boreholes,-0.2,bakımlı,1.8
958,borer,-0.4,kaygısız,1.7
959,borers,-1.2,dikkatli,0.6
960,bores,-1.3,dikkatlice,0.5
961,borescopes,-0.1,dikkatlilik,2.0
962,boresome,-1.3,dikkatsiz,-1.5
963,boring,-1.3,dikkatsizce,-1.0
964,bother,-1.4,dikkatsizlik,-1.4
965,botheration,-1.7,carelessnesses,-1.6
966,botherations,-1.3,bakımları,2.0
967,bothered,-1.3,ilgili,2.2
968,bothering,-1.6,gündelik,0.8
969,bothers,-0.8,tesadüfen,0.7
970,bothersome,-1.3,yaralı,-2.4
971,boycott,-1.3,afet,-3.4
972,boycotted,-1.7,katastrofik,-2.2
973,boycotting,-1.7,temkinli,-0.4
974,boycotts,-1.4,kutlamak,2.7
975,brainwashing,-1.5,ünlü,2.7
976,brave,2.4,kutladı,2.7
977,braved,1.9,kutluyor,2.7
978,bravely,2.3,sansürlemek,-2.0
979,braver,2.4,sansürlü,-0.6
980,braveries,2.0,sansür,-1.2
981,bravery,2.2,belirli,1.1
982,braves,1.9,kesinlikler,0.9
983,bravest,2.3,kesinlik,1.0
984,breathtaking,2.0,keder,-1.9
985,bribe,-0.8,chagrined,-1.4
986,bright,1.9,meydan okuma,0.3
987,brighten,1.9,meydan,-0.4
988,brightened,2.1,meydan okuyucu,0.5
989,brightener,1.0,challengers,0.4
990,brighteners,1.0,zorluklar,0.3
991,brightening,2.5,zorlayıcı,0.9
992,brightens,1.5,"zorlayıcı,",-0.6
993,brighter,1.6,alan,2.1
994,brightest,3.0,champac,-0.2
995,brightly,1.5,Şampanya,0.5
996,brightness,1.6,şampanyalar,0.5
997,brightnesses,1.4,şampanya,0.2
998,brights,0.4,champaks,-0.2
999,brightwork,1.1,zeminlenmektedir,1.0
1000,brilliance,2.9,champer,-0.1
1001,brilliances,2.9,champers,0.5
1002,brilliancies,2.3,champerties,-0.1
1003,brilliancy,2.6,champertous,0.3
1004,brilliant,2.8,başkasın ait dava hakkının satın alınması,-0.2
1005,brilliantine,0.8,mantar,0.4
1006,brilliantines,2.0,mantarlar,0.2
1007,brilliantly,3.0,champing,0.7
1008,brilliants,1.9,şampiyon,2.9
1009,brisk,0.6,savunulan,1.2
1010,broke,-1.8,savunan,1.8
1011,broken,-2.1,şampiyonlar,2.4
1012,brooding,0.1,şampiyonluk,1.9
1013,brutal,-3.1,şampiyona,2.2
1014,brutalise,-2.7,alanlar,1.8
1015,brutalised,-2.9,chamoy,1.0
1016,brutalises,-3.2,şans,1.0
1017,brutalising,-2.8,şansı,0.8
1018,brutalities,-2.6,kaos,-2.7
1019,brutality,-3.0,karmakarışık,-2.2
1020,brutalization,-2.1,yüklü,-0.8
1021,brutalizations,-2.3,ücretleri,-1.1
1022,brutalize,-2.9,yardımsever,1.7
1023,brutalized,-2.4,hayırseverlik,1.9
1024,brutalizes,-3.2,charitablenesses,1.6
1025,brutalizing,-3.4,charitably,1.4
1026,brutally,-3.0,hayır kurumları,2.2
1027,bullied,-3.1,sadaka,1.8
1028,bullshit,-2.8,Charmed,2.0
1029,bully,-2.2,büyücü,1.9
1030,bullying,-2.9,oynatıcıları,2.1
1031,bummer,-1.6,charmeuse,0.3
1032,buoyant,0.9,büyüleyici,2.8
1033,burden,-1.9,charminger,1.5
1034,burdened,-1.7,charmingest,2.4
1035,burdener,-1.3,tatlı,2.2
1036,burdeners,-1.7,charmless,-1.8
1037,burdening,-1.4,chastised,-2.2
1038,burdens,-1.5,chastises,-1.7
1039,burdensome,-1.8,cezalandırırcasına,-1.7
1040,bwahaha,0.4,hile,-2.6
1041,bwahahah,2.5,dolandırıcı,-1.9
1042,calm,1.3,hileler,-1.8
1043,calmative,1.1,tezahürat,2.3
1044,calmatives,0.5,cheerer,1.7
1045,calmed,1.6,alkışlayanların,1.8
1046,calmer,1.5,neşeli,2.6
1047,calmest,1.6,cheerfuller,1.9
1048,calming,1.7,cheerfullest,3.2
1049,calmly,1.3,neşeyle,2.1
1050,calmness,1.7,neşe,2.1
1051,calmnesses,1.6,cheerier,2.6
1052,calmodulin,0.2,cheeriest,2.2
1053,calms,1.3,cheerily,2.5
1054,can't stand,-2.0,neşelilik,2.5
1055,cancel,-1.0,şerefe,2.1
1056,cancelled,-1.0,cheerlead,1.7
1057,cancelling,-0.8,ponpon kız,0.9
1058,cancels,-0.9,ponpon,1.2
1059,cancer,-3.4,amigo,1.2
1060,capable,1.6,cheerled,1.5
1061,captivated,1.6,neşesiz,-0.8
1062,care,2.2,kasvet,-1.7
1063,cared,1.8,cheerly,2.4
1064,carefree,1.7,beslemek,1.6
1065,careful,0.6,cherishable,2.0
1066,carefully,0.5,aziz,2.3
1067,carefulness,2.0,aziz tutan kimse,2.2
1068,careless,-1.5,cherishers,1.9
1069,carelessly,-1.0,cherishes,2.2
1070,carelessness,-1.4,anlardaki,2.0
1071,carelessnesses,-1.6,şık,1.9
1072,cares,2.0,çocukça,-1.2
1073,caring,2.2,soğutma,-0.1
1074,casual,0.8,boğma,-2.5
1075,casually,0.7,tıkanmış,-2.1
1076,casualty,-2.4,jikleleri,-2.0
1077,catastrophe,-3.4,boğucu,-2.0
1078,catastrophic,-2.2,kıkırdama,1.7
1079,cautious,-0.4,güldü,1.2
1080,celebrate,2.7,budala,-1.9
1081,celebrated,2.7,chuckleheaded,-1.3
1082,celebrates,2.7,chuckleheads,-1.1
1083,celebrating,2.7,kıkırdayan kimse,0.8
1084,censor,-2.0,Chucklers,1.2
1085,censored,-0.6,kıkırdamalar,1.1
1086,censors,-1.2,chucklesome,1.1
1087,certain,1.1,kıkır kıkır gülme,1.4
1088,certainly,1.4,chucklingly,1.2
1089,certainties,0.9,açıklık getirmektedir,0.9
1090,certainty,1.0,berraklık,1.7
1091,chagrin,-1.9,temiz,1.7
1092,chagrined,-1.4,temizleyici,0.7
1093,challenge,0.3,açık,-1.7
1094,challenged,-0.4,temizlenir,0.4
1095,challenger,0.5,Açıkça,1.7
1096,challengers,0.4,vernikler,0.3
1097,challenges,0.3,zeki,2.6
1098,challenging,0.6,daha akıllı,2.0
1099,challengingly,-0.6,cleverish,1.0
1100,champ,2.1,akıllıca,2.3
1101,champac,-0.2,akıllılık,2.3
1102,champagne,1.2,clevernesses,1.4
1103,champagnes,0.5,bulutlu,-0.2
1104,champaign,0.2,clueless,-1.5
1105,champaigns,0.5,horoz,-0.6
1106,champaks,-0.2,ibne,-3.1
1107,champed,1.0,pislikler,-2.6
1108,champer,-0.1,kendinden çok emin,-0.5
1109,champers,0.5,zorlanmış,-1.5
1110,champerties,-0.1,çöküş,-2.2
1111,champertous,0.3,çökmüş,-1.1
1112,champerty,-0.2,çökmeler,-1.2
1113,champignon,0.4,çöken,-1.2
1114,champignons,0.2,çarpışmak,-0.3
1115,champing,0.7,çarpışır,-1.1
1116,champion,2.9,çarpışan,-0.5
1117,championed,1.2,çarpışma,-1.5
1118,championing,1.8,çarpışmalar,-1.1
1119,champions,2.4,danışıklı,-1.2
1120,championship,1.9,kavgalar,-0.8
1121,championships,2.2,komedyen,1.6
1122,champs,1.8,komedyenler,1.2
1123,champy,1.0,komedi,1.5
1124,chance,1.0,komedide,2.1
1125,chances,0.8,kadın komedyen,0.6
1126,chaos,-2.7,Komedyenler,1.6
1127,chaotic,-2.2,komedileri,1.7
1128,charged,-0.8,komedondur,0.3
1129,charges,-1.1,komedonlar,-0.8
1130,charitable,1.7,sakinleş,-0.8
1131,charitableness,1.9,comedowns,-0.9
1132,charitablenesses,1.6,konfor,1.5
1133,charitably,1.4,rahat,2.3
1134,charities,2.2,comfortableness,1.3
1135,charity,1.8,rahatça,1.8
1136,charm,1.7,teselli,1.8
1137,charmed,2.0,yorgan,1.9
1138,charmer,1.9,yorganlar,1.2
1139,charmers,2.1,rahatlatıcı,1.7
1140,charmeuse,0.3,rahatlatmak,1.7
1141,charmeuses,0.4,kasvetli,-1.8
1142,charming,2.8,konforları,2.1
1143,charminger,1.5,commend,1.9
1144,charmingest,2.4,övgüyle,1.9
1145,charmingly,2.2,işlemek,1.2
1146,charmless,-1.8,taahhüt,1.1
1147,charms,1.9,taahhütler,0.5
1148,chastise,-2.5,kaydedilmesini,0.1
1149,chastised,-2.2,işlemekle,0.3
1150,chastises,-1.7,merhamet,2.0
1151,chastising,-1.7,compassionated,1.6
1152,cheat,-2.0,compassionateness,0.9
1153,cheated,-2.3,compassionates,1.6
1154,cheater,-2.5,compassionating,1.6
1155,cheaters,-1.9,compassionless,-2.6
1156,cheating,-2.6,mecbur,0.2
1157,cheats,-1.8,yetkili,1.3
1158,cheer,2.3,rekabetçi,0.7
1159,cheered,2.3,halinden memnun,-0.3
1160,cheerer,1.7,şikayet,-1.6
1161,cheerers,1.8,şikâyetçi,-0.7
1162,cheerful,2.5,müştekiler,-1.1
1163,cheerfuller,1.9,Şikayetçi,-1.8
1164,cheerfullest,3.2,şikayetçiler,-1.3
1165,cheerfully,2.1,şikayetçi,-0.8
1166,cheerfulness,2.1,complainingly,-1.7
1167,cheerier,2.6,şikâyet,-1.2
1168,cheeriest,2.2,şikayetler,-1.7
1169,cheerily,2.5,iltifat,2.3
1170,cheeriness,2.5,complimentarily,1.7
1171,cheering,2.3,övgü olarak verilen,1.9
1172,cheerio,1.2,övgü,1.7
1173,cheerlead,1.7,kapsamlı,1.0
1174,cheerleader,0.9,uzlaştırmak,1.0
1175,cheerleaders,1.2,gönlünü,1.1
1176,cheerleading,1.2,conciliates,1.1
1177,cheerleads,1.2,conciliating,1.3
1178,cheerled,1.5,kınamak,-1.6
1179,cheerless,-1.7,kınama,-2.8
1180,cheerlessly,-0.8,mahkum,-1.9
1181,cheerlessness,-1.7,kararınız,-2.3
1182,cheerly,2.4,güven,2.3
1183,cheers,2.1,kendine güvenen,2.2
1184,cheery,2.6,kendine güvenerek,2.1
1185,cherish,1.6,fikir ayrılığı,-1.3
1186,cherishable,2.0,çakışan,-1.7
1187,cherished,2.3,çatışmalı,-1.8
1188,cherisher,2.2,çatışmalar,-1.5
1189,cherishers,1.9,karşısına çıkmak,-0.7
1190,cherishes,2.2,yüzleşme,-1.3
1191,cherishing,2.0,çatışmacı,-1.6
1192,chic,1.1,confrontationist,-1.0
1193,childish,-1.2,confrontationists,-1.2
1194,chilling,-0.1,karşı karşıya,-0.8
1195,choke,-2.5,yüzleşmek,-0.3
1196,choked,-2.1,confronters,-1.3
1197,chokes,-2.0,yüzleşmeler,-0.6
1198,choking,-2.0,Confronts,-0.9
1199,chuckle,1.7,Şaşkın,-1.3
1200,chuckled,1.2,allak bullak,-0.6
1201,chucklehead,-1.9,confusedness,-1.5
1202,chuckleheaded,-1.3,karıştırır,-1.3
1203,chuckleheads,-1.1,kafa karıştırıcı,-0.9
1204,chuckler,0.8,karıştırılabilecek,-1.4
1205,chucklers,1.2,"bilinç bulanıklığı, konfüzyon",-1.2
1206,chuckles,1.1,konfüzyonel,-1.2
1207,chucklesome,1.1,karışıklıklar,-0.9
1208,chuckling,1.4,tebrikler,2.4
1209,chucklingly,1.2,tebrik,2.9
1210,clarifies,0.9,Tebrikler,2.9
1211,clarity,1.7,razı olmak,0.9
1212,classy,1.9,izinler,1.0
1213,clean,1.7,düşünülen,1.9
1214,cleaner,0.7,teselli isteyen,1.1
1215,clear,1.6,komplo,-2.4
1216,cleared,0.4,zoraki,-0.4
1217,clearly,1.7,bulaşma,-2.0
1218,clears,0.3,bulaşıcı hastalıkların,-1.5
1219,clever,2.0,bulaşıcı,-1.4
1220,cleverer,2.0,aşağılama,-1.1
1221,cleverest,2.6,contemptibilities,-2.0
1222,cleverish,1.0,adilik,-0.9
1223,cleverly,2.3,aşağılık,-1.6
1224,cleverness,2.3,contemptibleness,-1.9
1225,clevernesses,1.4,contemptibly,-1.4
1226,clouded,-0.2,contempts,-1.0
1227,clueless,-1.5,aşağılayıcı,-2.2
1228,cock,-0.6,aşağılayarak,-2.4
1229,cocksucker,-3.1,uğraşmak,0.2
1230,cocksuckers,-2.6,yarışmacı,0.5
1231,cocky,-0.5,hoşnut,1.4
1232,coerced,-1.5,contentedly,1.9
1233,collapse,-2.2,hoşnutluk,1.5
1234,collapsed,-1.1,çekişmeli,-1.2
1235,collapses,-1.2,kuşkulu,0.6
1236,collapsing,-1.2,çelişmek,-1.3
1237,collide,-0.3,contradictable,-1.0
1238,collides,-1.1,zıtlık göstermektedir,-1.3
1239,colliding,-0.5,çelişen,-1.3
1240,collision,-1.5,çelişki,-1.0
1241,collisions,-1.1,çelişkiler,-1.3
1242,colluding,-1.2,çelişkili,-1.4
1243,combat,-1.4,karşı taraf,-1.0
1244,combats,-0.8,contradictories,-0.5
1245,comedian,1.6,çelişkili biçimde,-0.9
1246,comedians,1.2,muhalefetçilik,-1.4
1247,comedic,1.7,contradictors,-1.6
1248,comedically,2.1,yalanlamaktadır,-1.4
1249,comedienne,0.6,kontrollü,-0.8
1250,comediennes,1.6,tartışmalı,-1.1
1251,comedies,1.7,ikna etmek,1.0
1252,comedo,0.3,ikna,0.7
1253,comedones,-0.8,Convincer,0.6
1254,comedown,-0.8,convincers,0.3
1255,comedowns,-0.9,inandırıcı,1.7
1256,comedy,1.5,inandırıcı bir şekilde,1.6
1257,comfort,1.5,inandıncılığı,0.7
1258,comfortable,2.3,kullanıcı dostu,1.2
1259,rahat,2.3,köşeye,-1.1
1260,comfortableness,1.3,ceset,-2.7
1261,comfortably,1.8,pahalı,-0.4
1262,comforted,1.8,cesurluk,2.1
1263,comforter,1.9,nazik,0.8
1264,comforters,1.2,nezaket,1.5
1265,comforting,1.7,Örtmek,-1.2
1266,comfortingly,1.7,Ödlek,-2.0
1267,comfortless,-1.8,korkakça,-1.6
1268,comforts,2.1,coziness,1.5
1269,commend,1.9,kramp,-0.8
1270,commended,1.9,bok,-1.6
1271,commit,1.2,berbat,-2.6
1272,commitment,1.6,çılgınlığı,-0.6
1273,commitments,0.5,çılgın,-1.4
1274,commits,0.1,crazes,0.2
1275,committed,1.1,Delice,-1.5
1276,committing,0.3,delilik,-1.6
1277,compassion,2.0,crazinesses,-1.0
1278,compassionate,2.2,İnce çatlaklar,-0.5
1279,compassionated,1.6,crazyweed,0.8
1280,compassionately,1.7,oluşturmak,1.1
1281,compassionateness,0.9,oluşturulan,1.0
1282,compassionates,1.6,yaratır,1.1
1283,compassionating,1.6,kreatin,0.2
1284,compassionless,-2.6,oluşturma,1.1
1285,compelled,0.2,kreatinin,0.4
1286,compelling,0.9,yaratılışçılık,0.7
1287,competent,1.3,creationisms,1.1
1288,competitive,0.7,yaratılışçı,0.8
1289,complacent,-0.3,yaratılışçılar,0.5
1290,complain,-1.5,kreasyonları,1.6
1291,complainant,-0.7,yaratıcı,1.5
1292,complainants,-1.1,yaratıcılık,1.6
1293,complained,-1.7,yaratıcılıkları,1.7
1294,complainer,-1.8,kredi,1.5
1295,complainers,-1.3,creditabilities,1.4
1296,complaining,-0.8,kredibilite,1.9
1297,complainingly,-1.7,beğenilen,1.8
1298,complains,-1.6,creditableness,1.2
1299,complaint,-1.2,creditably,1.7
1300,complaints,-1.7,yatırıldı,1.5
1301,compliment,2.1,kredilendirme,0.6
1302,complimentarily,1.7,alacaklı,-0.1
1303,complimentary,1.9,kredi değerliliği,1.9
1304,complimented,1.8,kredi verilmeye,2.4
1305,complimenting,2.3,üzgün,-2.5
1306,compliments,1.7,ağladım,-1.6
1307,comprehensive,1.0,çığlıkları,-1.7
1308,conciliate,1.0,suç,-2.5
1309,conciliated,1.1,adli,-2.4
1310,conciliates,1.1,suçlular,-2.7
1311,conciliating,1.3,kriz,-3.1
1312,condemn,-1.6,eleştirmen,-1.1
1313,condemnation,-2.8,kritik,-1.3
1314,condemned,-1.9,eleştirmek,-1.6
1315,condemns,-2.3,eleştirdi,-1.5
1316,confidence,2.3,eleştiren,-1.4
1317,confident,2.2,eleştirme,-1.5
1318,confidently,2.1,eleştiri,-1.9
1319,conflict,-1.3,eleştiriler,-0.9
1320,conflicting,-1.7,criticizable,-1.0
1321,conflictive,-1.8,criticizer,-1.5
1322,conflicts,-1.6,eleştirmenlerinin,-1.6
1323,confront,-0.7,eleştirmenler,-1.2
1324,confrontation,-1.3,ham,-2.7
1325,confrontational,-1.6,kabaca,-1.2
1326,confrontationist,-1.0,hamlık,-2.0
1327,confrontationists,-1.2,crudenesses,-2.0
1328,confrontations,-1.5,daha kaba,-2.0
1329,confronted,-0.8,Ham ürünler,-1.1
1330,confronter,-0.3,en kaba,-2.4
1331,confronters,-1.3,zalimce,-2.8
1332,confronting,-0.6,cruelness,-2.9
1333,confronts,-0.9,mezalimi,-2.3
1334,confuse,-0.9,acımasızlık,-2.9
1335,confused,-1.3,ezme,-1.5
1336,confusedly,-0.6,ezilmiş,-1.8
1337,confusedness,-1.5,ezer,-1.9
1338,confuses,-1.3,Ağla,-2.1
1339,confusing,-0.9,ağlayan,-2.1
1340,confusingly,-1.4,am,-2.2
1341,confusion,-1.2,amcıklar,-2.9
1342,confusional,-1.2,Meraklı,1.3
1343,confusions,-0.9,küfür,-2.5
1344,congrats,2.4,kesmek,-1.1
1345,congratulate,2.2,Şirin,2.0
1346,congratulation,2.9,kurnazca,1.3
1347,congratulations,2.9,zekâ,2.3
1348,consent,0.9,cutenesses,1.9
1349,consents,1.0,şirin,2.1
1350,considerate,1.9,cutes,1.8
1351,consolable,1.1,cutesie,1.0
1352,conspiracy,-2.4,cutesier,1.5
1353,constrained,-0.4,cutesiest,2.2
1354,contagion,-2.0,cutey,2.1
1355,contagions,-1.5,cuteys,1.5
1356,contagious,-1.4,Kutu,1.5
1357,contempt,-2.8,sevimli pasta,2.0
1358,contemptibilities,-2.0,cuties,2.2
1359,contemptibility,-0.9,keser,-1.2
1360,contemptible,-1.6,kesim,-0.5
1361,contemptibleness,-1.9,kinik,-1.4
1362,contemptibly,-1.4,alaycı,-1.6
1363,contempts,-1.0,sinik,-1.3
1364,contemptuous,-2.2,alaycılık,-1.7
1365,contemptuously,-2.4,cynicisms,-1.7
1366,contemptuousness,-1.1,alaycılar,-0.3
1367,contend,0.2,hasar,-2.2
1368,contender,0.5,hasarlı,-1.9
1369,contented,1.4,damager,-1.9
1370,contentedly,1.9,damagers,-2.0
1371,contentedness,1.4,tazminat,-1.9
1372,contentious,-1.2,zarar,-2.3
1373,contentment,1.5,tahripkâr,-2.0
1374,contestable,0.6,Lanet olsun,-1.7
1375,contradict,-1.3,lanetli,-1.6
1376,contradictable,-1.0,damnableness,-1.8
1377,contradicted,-1.3,damnably,-1.7
1378,contradicting,-1.3,lanet,-2.6
1379,contradiction,-1.0,damnations,-1.4
1380,contradictions,-1.3,damnatory,-2.6
1381,contradictious,-1.9,En saçma,-0.5
1382,contradictor,-1.0,damnified,-2.8
1383,contradictories,-0.5,damnifies,-1.8
1384,contradictorily,-0.9,damnify,-2.2
1385,contradictoriness,-1.4,damnifying,-2.4
1386,contradictors,-1.6,ezici,-1.4
1387,contradictory,-1.4,damningly,-2.0
1388,contradicts,-1.4,lanet olsun,-2.4
1389,controversial,-0.8,damns,-2.2
1390,controversially,-1.1,Tehlike,-2.4
1391,convince,1.0,dangered,-2.4
1392,convinced,1.7,dangering,-2.5
1393,convincer,0.6,tehlikeli,-2.0
1394,convincers,0.3,tehlikelilik,-2.0
1395,convinces,0.7,tehlikeleri,-2.2
1396,convincing,1.7,gözüpek,0.5
1397,convincingly,1.6,daringness,1.4
1398,convincingness,0.7,Darings,0.4
1399,convivial,1.2,En karanlık,-2.2
1400,cool,1.3,karanlık,-1.0
1401,cornered,-1.1,sevgilim,2.8
1402,corpse,-2.7,darlingly,1.6
1403,costly,-0.4,darlingness,2.3
1404,courage,2.2,canlarım,1.9
1405,courageous,2.4,yılmaz,2.3
1406,courageously,2.3,sersemlemiş,-0.7
1407,courageousness,2.1,sersemce,-0.4
1408,courteous,2.3,dazedness,-0.5
1409,courtesy,1.5,dazes,-0.3
1410,cover-up,-1.2,ölü,-3.3
1411,coward,-2.0,çıkmaz,-1.4
1412,cowardly,-1.6,sağır eden,-1.2
1413,coziness,1.5,Sayın,1.6
1414,cramp,-0.8,dearer,1.9
1415,crap,-1.6,gözbebeği,2.6
1416,crappy,-2.6,en sevilen,2.2
1417,crash,-1.7,dearies,1.0
1418,craze,-0.6,pahalıya,1.8
1419,crazed,-0.5,pahalılık,2.0
1420,crazes,0.2,eksiklik,-2.3
1421,crazier,-0.1,dearths,-0.9
1422,craziest,-0.2,sevgili,1.9
1423,crazily,-1.5,ölüm,-2.9
1424,craziness,-1.6,borç,-1.5
1425,crazinesses,-1.0,çürüme,-1.7
1426,crazing,-0.5,çürümüş,-1.6
1427,crazy,-1.4,decayer,-1.6
1428,crazyweed,0.8,decayers,-1.6
1429,create,1.1,çürüyen,-1.7
1430,created,1.0,bozunumlarındaki,-1.7
1431,creates,1.1,aldatma,-1.9
1432,creatin,0.1,hilekâr,-1.9
1433,creatine,0.2,aldatmak,-1.7
1434,creating,1.2,aldatılmış,-1.9
1435,creatinine,0.4,deceives,-1.6
1436,creation,1.1,aldatan,-1.4
1437,creationism,0.7,belirleyici,0.9
1438,creationisms,1.1,adanmış,2.0
1439,creationist,0.8,yenilgi,-2.0
1440,creationists,0.5,mağlup,-2.1
1441,creations,1.6,bozguna,-1.4
1442,creative,1.9,Defeaters,-0.9
1443,creatively,1.5,yenerek,-1.6
1444,creativeness,1.8,bozgunculuk,-1.3
1445,creativities,1.7,bozguncu,-1.7
1446,creativity,1.6,Bozguncular,-2.1
1447,credit,1.6,yenilgiler,-1.3
1448,creditabilities,1.4,Defeature,-1.9
1449,creditability,1.9,defeatures,-1.5
1450,creditable,1.8,kusur,-1.4
1451,creditableness,1.2,defektli,-1.7
1452,creditably,1.7,defecting,-1.8
1453,credited,1.5,iltica,-1.4
1454,crediting,0.6,ayrılmalar,-1.5
1455,creditor,-0.1,arızalı,-1.9
1456,credits,1.5,kusurlu,-2.1
1457,creditworthiness,1.9,özürlülük,-1.8
1458,creditworthy,2.4,Problemliler,-1.8
1459,crestfallen,-2.5,ilticacı,-1.9
1460,cried,-1.6,dönekleri,-1.3
1461,cries,-1.7,kusurlar,-1.7
1462,crime,-2.5,savunma,-0.3
1463,criminal,-2.4,defans,0.1
1464,criminals,-2.7,defensemen,-0.4
1465,crisis,-3.1,savunmaları,0.7
1466,critic,-1.1,savunma oyuncusu,0.4
1467,critical,-1.3,savunucuları,0.3
1468,criticise,-1.9,savunmasız,-1.4
1469,criticised,-1.8,savunmas,-1.1
1470,criticises,-1.3,Savunmasızlığınıza,-1.3
1471,criticising,-1.7,savunulabilirliği,0.4
1472,criticism,-1.9,savunulabilir,0.1
1473,criticisms,-0.9,savunmaya,-0.6
1474,criticizable,-1.0,savunuculuğa,-0.4
1475,criticize,-1.6,erteleme,-1.2
1476,criticized,-1.5,ertelenmesi,-0.7
1477,criticizer,-1.5,meydan okuyan,-0.9
1478,criticizers,-1.6,kesin,1.1
1479,criticizes,-1.4,parçalanabilir,-1.0
1480,criticizing,-1.5,bozulma,-2.4
1481,critics,-1.2,degradasyonlar,-1.5
1482,crude,-2.7,mikroorganizmaya bağlı,-2.0
1483,crudely,-1.2,küçük görmek,-1.9
1484,crudeness,-2.0,bozulmuş,-1.8
1485,crudenesses,-2.0,indirgeyicinin,-2.0
1486,cruder,-2.0,degraders,-2.0
1487,crudes,-1.1,alçaltır,-2.1
1488,crudest,-2.4,alçaltıcı,-2.8
1489,cruel,-2.8,degradingly,-2.7
1490,crueler,-2.3,kişiliksizleştirmek,-1.8
1491,cruelest,-2.6,insansızlastırılıp,-1.9
1492,crueller,-2.4,dehumanizes,-1.5
1493,cruellest,-2.9,insansızlaştıran,-2.4
1494,cruelly,-2.8,keyifsizlik,-2.2
1495,cruelness,-2.9,keyifsiz,-2.2
1496,cruelties,-2.3,dejecting,-2.3
1497,cruelty,-2.9,dejects,-2.0
1498,crush,-0.6,gecikme,-1.3
1499,crushed,-1.8,gecikmiş,-0.9
1500,crushes,-1.9,nefis,2.7
1501,crushing,-1.5,sakızdan,1.4
1502,cry,-2.1,delectably,2.8
1503,crying,-2.1,narin,0.2
1504,cunt,-2.2,incelikle,1.0
1505,cunts,-2.9,narin çamaşırlar,0.6
1506,curious,1.3,Şarküteri,0.4
1507,curse,-2.5,şarküteriler,0.4
1508,cut,-1.1,lezzetli,2.7
1509,cute,2.0,hoşça,1.9
1510,cutely,1.3,lezzet,1.8
1511,cuteness,2.3,lokum,2.9
1512,cutenesses,1.9,memnun olmak,2.3
1513,cuter,2.3,delightedly,2.4
1514,cutes,1.8,delightedness,2.1
1515,cutesie,1.0,delighter,2.0
1516,cutesier,1.5,delighters,2.6
1517,cutesiest,2.2,mutluluğunu,2.1
1518,cutest,2.8,sevindirici,1.6
1519,cutesy,2.1,lezzetleri,2.0
1520,cutey,2.1,zevk verici,2.3
1521,cuteys,1.5,talep,-0.9
1522,cutie,1.5,zahmetli,-0.9
1523,cutiepie,2.0,gösteri,0.4
1524,cuties,2.2,demoralize,-1.6
1525,cuts,-1.2,inkar,-1.4
1526,cutting,-0.5,deniye,-1.5
1527,cynic,-1.4,inkarcıların,-1.1
1528,cynical,-1.6,yalanladı,-1.8
1529,cynically,-1.3,Denounce,-1.4
1530,cynicism,-1.7,Lanetler,-1.9
1531,cynicisms,-1.7,reddetmek,-1.4
1532,cynics,-0.3,bunalıma girmek,-2.2
1533,damage,-2.2,depresanlar,-1.6
1534,damaged,-1.9,bunalımlı,-2.3
1535,damager,-1.9,karartıyor,-2.2
1536,damagers,-2.0,basılabilir,-1.7
1537,damages,-1.9,iç karartıcı,-1.6
1538,damaging,-2.3,üzerek,-2.3
1539,damagingly,-2.0,depresyon,-2.7
1540,damn,-1.7,depresyonlar,-2.2
1541,damnable,-1.7,depresif,-1.6
1542,damnableness,-1.8,depressively,-2.1
1543,damnably,-1.7,depresifler,-1.5
1544,damnation,-2.6,basacağı,-1.8
1545,damnations,-1.4,depressors,-1.7
1546,damnatory,-2.6,basınç,-0.3
1547,damned,-1.6,depressurizations,-0.4
1548,damnedest,-0.5,basıncı boşaltın,-0.5
1549,damnified,-2.8,basınçsız,-0.3
1550,damnifies,-1.8,basınç gideren,-0.7
1551,damnify,-2.2,mahrumiyet,-2.1
1552,damnifying,-2.4,deprivals,-1.2
1553,damning,-1.4,yoksunluk,-1.8
1554,damningly,-2.0,yoksunluklar,-1.8
1555,damnit,-2.4,mahrum,-2.0
1556,damns,-2.2,depriver,-1.6
1557,danger,-2.4,deprivers,-1.4
1558,dangered,-2.4,derail,-1.2
1559,dangering,-2.5,raydan,-1.4
1560,dangerous,-2.1,raydan çıktı,-1.3
1561,dangerously,-2.0,deride,-1.1
1562,dangerousness,-2.0,alay,-1.2
1563,dangers,-2.2,tezyif,-1.5
1564,daredevil,0.5,arzu etmek,1.7
1565,daring,1.5,İstenilen,1.1
1566,daringly,2.1,arzulu,1.3
1567,daringness,1.4,umutsuzluk,-2.0
1568,darings,0.4,umutsuzluğa,-2.7
1569,darkest,-2.2,despairer,-1.3
1570,darkness,-1.0,despairers,-1.3
1571,darling,2.8,umutsuz,-2.1
1572,darlingly,1.6,çaresizce,-2.2
1573,darlingness,2.3,umutsuzluklar,-2.7
1574,darlings,2.2,umutsuzca,-1.6
1575,dauntless,2.3,ümitsizliğini,-1.5
1576,daze,-0.7,çaresizlikleri,-2.2
1577,dazed,-0.7,tiksinmek,-1.8
1578,dazedly,-0.4,despised,-1.7
1579,dazedness,-0.5,despisement,-2.4
1580,dazes,-0.3,despisements,-2.5
1581,dead,-3.3,aşağılayanlar,-1.6
1582,deadlock,-1.4,küçümsüyor,-2.0
1583,deafening,-1.2,hor görme,-2.7
1584,dear,1.6,yıkmak,-2.5
1585,dearer,1.9,yerlebir edilmiş,-2.2
1586,dearest,2.6,yok edici,-2.5
1587,dearie,2.2,destroyer,-2.3
1588,dearies,1.0,tahrip,-1.9
1589,dearly,1.8,bunları tahrip,-2.6
1590,dearness,2.0,kendi kendini imha etmek,-2.4
1591,dears,1.9,destructibility,-1.8
1592,dearth,-2.3,yok edilebilir,-1.5
1593,dearths,-0.9,imha,-2.7
1594,deary,1.9,destructionist,-2.6
1595,death,-2.9,,
1596,debonair,0.8,,
1597,debt,-1.5,,
1598,decay,-1.7,,
1599,decayed,-1.6,,
1600,decayer,-1.6,,
1601,decayers,-1.6,,
1602,decaying,-1.7,,
1603,decays,-1.7,,
1604,deceit,-2.0,,
1605,deceitful,-1.9,,
1606,deceive,-1.7,,
1607,deceived,-1.9,,
1608,deceives,-1.6,,
1609,deceiving,-1.4,,
1610,deception,-1.9,,
1611,decisive,0.9,,
1612,dedicated,2.0,,
1613,defeat,-2.0,,
1614,defeated,-2.1,,
1615,defeater,-1.4,,
1616,defeaters,-0.9,,
1617,defeating,-1.6,,
1618,defeatism,-1.3,,
1619,defeatist,-1.7,,
1620,defeatists,-2.1,,
1621,defeats,-1.3,,
1622,defeature,-1.9,,
1623,defeatures,-1.5,,
1624,defect,-1.4,,
1625,defected,-1.7,,
1626,defecting,-1.8,,
1627,defection,-1.4,,
1628,defections,-1.5,,
1629,defective,-1.9,,
1630,defectively,-2.1,,
1631,defectiveness,-1.8,,
1632,defectives,-1.8,,
1633,defector,-1.9,,
1634,defectors,-1.3,,
1635,defects,-1.7,,
1636,defence,0.4,,
1637,defenceman,0.4,,
1638,defencemen,0.6,,
1639,defences,-0.2,,
1640,defender,0.4,,
1641,defenders,0.3,,
1642,defense,0.5,,
1643,defenseless,-1.4,,
1644,defenselessly,-1.1,,
1645,defenselessness,-1.3,,
1646,defenseman,0.1,,
1647,defensemen,-0.4,,
1648,defenses,0.7,,
1649,defensibility,0.4,,
1650,defensible,0.8,,
1651,defensibly,0.1,,
1652,defensive,0.1,,
1653,defensively,-0.6,,
1654,defensiveness,-0.4,,
1655,defensives,-0.3,,
1656,defer,-1.2,,
1657,deferring,-0.7,,
1658,defiant,-0.9,,
1659,deficit,-1.7,,
1660,definite,1.1,,
1661,definitely,1.7,,
1662,degradable,-1.0,,
1663,degradation,-2.4,,
1664,degradations,-1.5,,
1665,degradative,-2.0,,
1666,degrade,-1.9,,
1667,degraded,-1.8,,
1668,degrader,-2.0,,
1669,degraders,-2.0,,
1670,degrades,-2.1,,
1671,degrading,-2.8,,
1672,degradingly,-2.7,,
1673,dehumanize,-1.8,,
1674,dehumanized,-1.9,,
1675,dehumanizes,-1.5,,
1676,dehumanizing,-2.4,,
1677,deject,-2.2,,
1678,dejected,-2.2,,
1679,dejecting,-2.3,,
1680,dejects,-2.0,,
1681,delay,-1.3,,
1682,delayed,-0.9,,
1683,delectable,2.9,,
1684,delectables,1.4,,
1685,delectably,2.8,,
1686,delicate,0.2,,
1687,delicately,1.0,,
1688,delicates,0.6,,
1689,delicatessen,0.4,,
1690,delicatessens,0.4,,
1691,delicious,2.7,,
1692,deliciously,1.9,,
1693,deliciousness,1.8,,
1694,delight,2.9,,
1695,delighted,2.3,,
1696,delightedly,2.4,,
1697,delightedness,2.1,,
1698,delighter,2.0,,
1699,delighters,2.6,,
1700,delightful,2.8,,
1701,delightfully,2.7,,
1702,delightfulness,2.1,,
1703,delighting,1.6,,
1704,delights,2.0,,
1705,delightsome,2.3,,
1706,demand,-0.5,,
1707,demanded,-0.9,,
1708,demanding,-0.9,,
1709,demonstration,0.4,,
1710,demoralized,-1.6,,
1711,denied,-1.9,,
1712,denier,-1.5,,
1713,deniers,-1.1,,
1714,denies,-1.8,,
1715,denounce,-1.4,,
1716,denounces,-1.9,,
1717,deny,-1.4,,
1718,denying,-1.4,,
1719,depress,-2.2,,
1720,depressant,-1.6,,
1721,depressants,-1.6,,
1722,depressed,-2.3,,
1723,depresses,-2.2,,
1724,depressible,-1.7,,
1725,depressing,-1.6,,
1726,depressingly,-2.3,,
1727,depression,-2.7,,
1728,depressions,-2.2,,
1729,depressive,-1.6,,
1730,depressively,-2.1,,
1731,depressives,-1.5,,
1732,depressor,-1.8,,
1733,depressors,-1.7,,
1734,depressurization,-0.3,,
1735,depressurizations,-0.4,,
1736,depressurize,-0.5,,
1737,depressurized,-0.3,,
1738,depressurizes,-0.3,,
1739,depressurizing,-0.7,,
1740,deprival,-2.1,,
1741,deprivals,-1.2,,
1742,deprivation,-1.8,,
1743,deprivations,-1.8,,
1744,deprive,-2.1,,
1745,deprived,-2.1,,
1746,depriver,-1.6,,
1747,deprivers,-1.4,,
1748,deprives,-1.7,,
1749,depriving,-2.0,,
1750,derail,-1.2,,
1751,derailed,-1.4,,
1752,derails,-1.3,,
1753,deride,-1.1,,
1754,derided,-0.8,,
1755,derides,-1.0,,
1756,deriding,-1.5,,
1757,derision,-1.2,,
1758,desirable,1.3,,
1759,desire,1.7,,
1760,desired,1.1,,
1761,desirous,1.3,,
1762,despair,-1.3,,
1763,despaired,-2.7,,
1764,despairer,-1.3,,
1765,despairers,-1.3,,
1766,despairing,-2.3,,
1767,despairingly,-2.2,,
1768,despairs,-2.7,,
1769,desperate,-1.3,,
1770,desperately,-1.6,,
1771,desperateness,-1.5,,
1772,desperation,-2.0,,
1773,desperations,-2.2,,
1774,despise,-1.4,,
1775,despised,-1.7,,
1776,despisement,-2.4,,
1777,despisements,-2.5,,
1778,despiser,-1.8,,
1779,despisers,-1.6,,
1780,despises,-2.0,,
1781,despising,-2.7,,
1782,despondent,-2.1,,
1783,destroy,-2.5,,
1784,destroyed,-2.2,,
1785,destroyer,-2.0,,
1786,destroyers,-2.3,,
1787,destroying,-2.6,,
1788,destroys,-2.6,,
1789,destruct,-2.4,,
1790,destructed,-1.9,,
1791,destructibility,-1.8,,
1792,destructible,-1.5,,
1793,destructing,-2.5,,
1794,destruction,-2.7,,
1795,destructionist,-2.6,,
